"items","support"
"{KLK3.354=H}",0.90377358490566
"{ODAM.54959=EH}",1
"{C8orf71.26138=EH}",1
"{ODAM.54959=EH,KLK3.354=H}",0.90377358490566
"{C8orf71.26138=EH,KLK3.354=H}",0.90377358490566
"{C8orf71.26138=EH,ODAM.54959=EH}",1
"{C8orf71.26138=EH,ODAM.54959=EH,KLK3.354=H}",0.90377358490566
